{"train_loss": [0.47478273994122505, 0.16938861711225273, 0.10192187897472425, 0.06403265776252057, 0.06653180947345672], "val_loss": [0.2383106494391406, 0.11455893926519566, 0.18436565021516155, 0.1427355786913602, 0.05905301725028684], "val_acc": [0.9470899470899471, 0.9470899470899471, 0.9365079365079365, 0.9417989417989417, 0.9735449735449735], "val_f1": [0.9421965317919075, 0.9404761904761905, 0.9272727272727272, 0.9392265193370166, 0.9709302325581395], "val_auc": [0.9883605955306947, 0.9958471056869227, 0.9906206740684239, 0.9961296155041388, 0.9987569568042489]}